<?xml version="1.0" encoding="UTF-8"?>
<project-private xmlns="http://www.netbeans.org/ns/project-private/1">
    <editor-bookmarks xmlns="http://www.netbeans.org/ns/editor-bookmarks/2" lastBookmarkId="0"/>
    <open-files xmlns="http://www.netbeans.org/ns/projectui-open-files/2">
        <group name="Group 20170216-10:17:15">
            <file>file:/C:/Users/USER/Documents/NetBeansProjects/2018_2019/Balle_en_mouvement/src/balle_en_mouvement/Animation.java</file>
            <file>file:/C:/Users/USER/Documents/NetBeansProjects/2018_2019/Balle_en_mouvement/src/balle_en_mouvement/ThreadClass.java</file>
            <file>file:/C:/Users/USER/Documents/NetBeansProjects/2018_2019/Balle_en_mouvement/src/balle_en_mouvement/Ball.java</file>
            <file>file:/C:/Users/USER/Documents/NetBeansProjects/2018_2019/Balle_en_mouvement/src/balle_en_mouvement/Chronomettre.java</file>
        </group>
        <group/>
    </open-files>
</project-private>
